GL Class,GL Account,Budget,Actuals,Encumbrances,Remaining,% Received/ Spent
Asset,11-01-01-00-00000-10100,$0.00 ,"$20,482,014.38 ",$0.00 ,"($20,482,014.38)",101%
Asset,11-01-01-00-00000-10101,$0.00 ,$0.00 ,$0.00 ,$0.00 ,0%
Asset,11-01-01-00-00000-10103,$0.00 ,"$71,151.77 ",$0.00 ,"($71,151.77)",101%
Asset,11-01-01-00-00000-10104,$0.00 ,"$19,266.40 ",$0.00 ,"($19,266.40)",101%
Asset,11-01-01-00-00000-10105,$0.00 ,$0.00 ,$0.00 ,$0.00 ,0%
Asset,11-01-01-00-00000-10106,$0.00 ,($145.50),$0.00 ,$145.50 ,-101%
Asset,11-00-01-00-00000-10110,$0.00 ,"$211,410.84 ",$0.00 ,"($211,410.84)",101%
Asset,11-00-02-00-00000-10110,$0.00 ,"$1,999,999,999.00 ",$0.00 ,"($1,999,999,999.00)",101%
Asset,11-00-01-00-00000-10113,$0.00 ,"($8,718.13)",$0.00 ,"$8,718.13 ",-101%
Asset,11-00-01-00-00000-10114,$0.00 ,$907.51 ,$0.00 ,($907.51),101%
Asset,11-00-01-00-00000-10115,$0.00 ,$0.00 ,$0.00 ,$0.00 ,0%
Asset,11-01-01-00-00000-10115,$0.00 ,$0.00 ,$0.00 ,$0.00 ,0%
Asset,11-01-01-00-00000-10116,$0.00 ,$0.00 ,$0.00 ,$0.00 ,0%
Asset,11-01-01-00-00000-10117,$0.00 ,$0.00 ,$0.00 ,$0.00 ,0%
Asset,11-01-01-00-00000-10118,$0.00 ,$0.00 ,$0.00 ,$0.00 ,0%
Asset,11-01-01-00-00000-10119,$0.00 ,$0.00 ,$0.00 ,$0.00 ,0%
Asset,11-01-01-00-00000-10120,$0.00 ,$0.00 ,$0.00 ,$0.00 ,0%
Asset,11-01-01-00-00000-10121,$0.00 ,$0.00 ,$0.00 ,$0.00 ,0%
Asset,11-01-01-00-00000-10131,$0.00 ,$0.00 ,$0.00 ,$0.00 ,0%
Asset,11-01-01-00-00000-10132,$0.00 ,"($4,526.59)",$0.00 ,"$4,526.59 ",-101%
Asset,11-00-01-00-00000-10141,$0.00 ,"$44,233.03 ",$0.00 ,"($44,233.03)",101%
Asset,11-00-02-00-00000-10141,$0.00 ,"$2,791.68 ",$0.00 ,"($2,791.68)",101%
Asset,11-00-03-00-00000-10141,$0.00 ,"$2,600.00 ",$0.00 ,"($2,600.00)",101%
Asset,11-00-04-00-00000-10141,$0.00 ,$0.00 ,$0.00 ,$0.00 ,0%
Asset,11-01-01-00-00000-10161,$0.00 ,$200.75 ,$1.27 ,($202.02),101%
Asset,11-01-01-00-00000-10204,$0.00 ,$0.00 ,$0.00 ,$0.00 ,0%
Asset,11-01-01-00-00000-10206,$0.00 ,$0.00 ,$0.00 ,$0.00 ,0%
Asset,11-00-01-00-00000-10210,$0.00 ,$0.00 ,$0.00 ,$0.00 ,0%
Asset,11-00-01-00-00000-10220,$0.00 ,$0.00 ,$0.00 ,$0.00 ,0%
Asset,11-00-01-00-00000-10230,$0.00 ,$0.00 ,$0.00 ,$0.00 ,0%
Asset,11-00-01-00-00000-10240,$0.00 ,$0.00 ,$0.00 ,$0.00 ,0%
Asset,11-00-01-00-00000-10250,$0.00 ,$0.00 ,$0.00 ,$0.00 ,0%
Asset,11-01-01-00-00000-10300,$0.00 ,"($9,399,542.58)",$0.00 ,"$9,399,542.58 ",-101%
Asset,11-01-01-00-00000-10301,$0.00 ,"$3,167.50 ",$0.00 ,"($3,167.50)",101%
Asset,11-01-01-00-00000-10302,$0.00 ,"$87,212.00 ",$0.00 ,"($87,212.00)",101%
Asset,11-01-01-00-00000-10303,$0.00 ,$0.00 ,$0.00 ,$0.00 ,0%
Asset,11-01-01-00-00000-10304,$0.00 ,"($4,000.00)",$0.00 ,"$4,000.00 ",-101%
Asset,11-00-01-00-00000-10305,$0.00 ,"$18,743.99 ",$0.00 ,"($18,743.99)",101%
Asset,11-00-02-00-00000-10305,$0.00 ,"$2,180.00 ",$0.00 ,"($2,180.00)",101%
Asset,11-00-03-00-00000-10305,$0.00 ,$375.00 ,$0.00 ,($375.00),101%
Asset,11-00-04-00-00000-10305,$0.00 ,$0.00 ,$0.00 ,$0.00 ,0%
Asset,11-01-01-00-00000-10305,$0.00 ,$0.00 ,$0.00 ,$0.00 ,0%
Asset,12-00-01-00-00000-10305,$0.00 ,$0.00 ,$0.00 ,$0.00 ,0%
Asset,21-00-01-00-00000-10305,$0.00 ,$0.00 ,$0.00 ,$0.00 ,0%
Asset,33-00-01-00-00000-10305,$0.00 ,$0.00 ,$0.00 ,$0.00 ,0%
Asset,40-00-01-00-00000-10305,$0.00 ,$60.00 ,$0.00 ,($60.00),101%
Asset,45-00-01-00-00000-10305,$0.00 ,"($2,550.00)",$0.00 ,"$2,550.00 ",-101%
Asset,11-01-01-00-00000-10306,$0.00 ,$18.94 ,$0.00 ,($18.94),101%
Asset,11-01-01-00-00000-10307,$0.00 ,$0.00 ,$0.00 ,$0.00 ,0%
Asset,11-01-01-00-00000-10308,$0.00 ,"($1,404.46)",$0.00 ,"$1,404.46 ",-101%
Asset,11-01-01-00-00000-10309,$0.00 ,$0.00 ,$0.00 ,$0.00 ,0%
Asset,11-00-01-00-00000-10311,$0.00 ,$0.00 ,$0.00 ,$0.00 ,0%
Asset,12-00-01-00-00000-10311,$0.00 ,$0.00 ,$0.00 ,$0.00 ,0%
Asset,12-01-01-00-00000-10311,$0.00 ,$0.00 ,$0.00 ,$0.00 ,0%
Asset,21-00-01-00-00000-10311,$0.00 ,$0.00 ,$0.00 ,$0.00 ,0%
Asset,33-00-01-00-00000-10311,$0.00 ,$0.00 ,$0.00 ,$0.00 ,0%
Asset,40-00-01-00-00000-10311,$0.00 ,$80.00 ,$0.00 ,($80.00),101%
Asset,50-00-01-00-00000-10311,$0.00 ,$0.00 ,$0.00 ,$0.00 ,0%
Asset,60-00-01-00-00000-10311,$0.00 ,$0.00 ,$0.00 ,$0.00 ,0%
Asset,11-01-01-00-00000-10312,$0.00 ,"$8,361.55 ",$0.00 ,"($8,361.55)",101%
Asset,11-01-01-00-00000-10400,$0.00 ,"$26,232.46 ",$0.00 ,"($26,232.46)",101%
Asset,11-01-01-00-00000-10401,$0.00 ,"$9,800.00 ",$0.00 ,"($9,800.00)",101%
Asset,11-01-01-00-00000-10410,$0.00 ,$241.00 ,$0.00 ,($241.00),101%
Asset,11-01-01-00-00000-10700,$0.00 ,$11.50 ,$0.00 ,($11.50),101%
Asset,11-08-01-00-00000-11000,$0.00 ,$0.00 ,$0.00 ,$0.00 ,0%
Asset,11-01-01-00-00000-11200,$0.00 ,"$908,410,000.00 ",$0.00 ,"($908,410,000.00)",101%
Asset,11-08-01-00-00000-11200,$0.00 ,$0.00 ,$0.00 ,$0.00 ,0%
Asset,11-01-01-00-00000-11201,$0.00 ,$0.00 ,$0.00 ,$0.00 ,0%
Asset,11-01-01-00-00000-11299,$0.00 ,"($339,425,966.67)",$0.00 ,"$339,425,966.67 ",-101%
Asset,11-08-01-00-00000-11299,$0.00 ,$0.00 ,$0.00 ,$0.00 ,0%
Asset,11-01-01-00-00000-11300,$0.00 ,"$532,713.00 ",$0.00 ,"($532,713.00)",101%
Asset,11-08-01-00-00000-11300,$0.00 ,$0.00 ,$0.00 ,$0.00 ,0%
Asset,11-01-01-00-00000-11301,$0.00 ,$0.00 ,$0.00 ,$0.00 ,0%
Asset,11-08-01-00-00000-11301,$0.00 ,$0.00 ,$0.00 ,$0.00 ,0%
Asset,11-01-01-00-00000-11399,$0.00 ,"($475,146.78)",$0.00 ,"$475,146.78 ",-101%
Asset,11-08-01-00-00000-11399,$0.00 ,$0.00 ,$0.00 ,$0.00 ,0%
Asset,11-08-01-00-00000-11400,$0.00 ,$0.00 ,$0.00 ,$0.00 ,0%
Asset,11-08-01-00-00000-11499,$0.00 ,$0.00 ,$0.00 ,$0.00 ,0%
Asset,11-01-01-00-00000-12000,$0.00 ,$0.00 ,$0.00 ,$0.00 ,0%
Asset,11-00-01-00-00000-18011,$0.00 ,$0.00 ,$0.00 ,$0.00 ,0%
Asset,12-00-01-00-00000-18011,$0.00 ,"$33,254.70 ",$0.00 ,"($33,254.70)",101%
Asset,12-01-01-00-00000-18011,$0.00 ,$0.00 ,$0.00 ,$0.00 ,0%
Asset,21-00-01-00-00000-18011,$0.00 ,"($235,998.93)",$0.00 ,"$235,998.93 ",-101%
Asset,21-01-01-00-00000-18011,$0.00 ,$0.00 ,$0.00 ,$0.00 ,0%
Asset,33-01-01-00-00000-18011,$0.00 ,$0.00 ,$0.00 ,$0.00 ,0%
Asset,40-00-01-00-00000-18011,$0.00 ,$373.92 ,$0.00 ,($373.92),101%
Asset,60-00-01-00-00000-18011,$0.00 ,$0.00 ,$0.00 ,$0.00 ,0%
Asset,o1-00-01-00-00000-18011,$0.00 ,$0.00 ,$0.00 ,$0.00 ,0%
Asset,TR-00-01-00-00000-18011,$0.00 ,"($13,374.84)",$0.00 ,"$13,374.84 ",-101%
Asset,UR-00-01-00-00000-18011,$0.00 ,"($42,437.83)",$0.00 ,"$42,437.83 ",-101%
Asset,11-00-01-00-00000-18012,$0.00 ,"($33,254.70)",$0.00 ,"$33,254.70 ",-101%
Asset,11-01-01-00-00000-18012,$0.00 ,$0.00 ,$0.00 ,$0.00 ,0%
Asset,21-00-01-00-00000-18012,$0.00 ,$5.50 ,$0.00 ,($5.50),101%
Asset,40-00-01-00-00000-18012,$0.00 ,$0.00 ,$0.00 ,$0.00 ,0%
Asset,11-00-01-00-00000-18021,$0.00 ,"$235,998.93 ",$0.00 ,"($235,998.93)",101%
Asset,11-01-01-00-00000-18021,$0.00 ,$0.00 ,$0.00 ,$0.00 ,0%
Asset,12-00-01-00-00000-18021,$0.00 ,($5.50),$0.00 ,$5.50 ,-101%
Asset,40-00-01-00-00000-18021,$0.00 ,($1.50),$0.00 ,$1.50 ,-101%
Asset,11-00-01-00-00000-18033,$0.00 ,"($10,622.75)",$0.00 ,"$10,622.75 ",-101%
Asset,11-01-01-00-00000-18033,$0.00 ,$0.00 ,$0.00 ,$0.00 ,0%
Asset,21-00-01-00-00000-18033,$0.00 ,$3.00 ,$0.00 ,($3.00),101%
Asset,11-00-01-00-00000-18040,$0.00 ,($373.92),$0.00 ,$373.92 ,-101%
Asset,12-00-01-00-00000-18040,$0.00 ,$0.00 ,$0.00 ,$0.00 ,0%
Asset,21-00-01-00-00000-18040,$0.00 ,$1.50 ,$0.00 ,($1.50),101%
Asset,11-00-01-00-00000-18060,$0.00 ,$0.00 ,$0.00 ,$0.00 ,0%
Asset,60-00-01-00-00000-18060,$0.00 ,$0.00 ,$0.00 ,$0.00 ,0%
Asset,11-00-01-00-00000-180o1,$0.00 ,$0.00 ,$0.00 ,$0.00 ,0%
Asset,11-00-01-00-00000-180TR,$0.00 ,"$13,374.84 ",$0.00 ,"($13,374.84)",101%
Asset,11-00-01-00-00000-180UR,$0.00 ,"$42,437.83 ",$0.00 ,"($42,437.83)",101%
Liability,11-01-01-00-00000-20001,$0.00 ,"$199,172,680.81 ",$0.00 ,"($199,172,680.81)",101%
Liability,11-01-01-00-00000-20002,$0.00 ,$15.00 ,$0.00 ,($15.00),101%
Liability,11-01-01-00-00000-20003,$0.00 ,$0.00 ,$0.00 ,$0.00 ,0%
Liability,11-01-01-00-00000-20004,$0.00 ,"$8,521.91 ",$0.00 ,"($8,521.91)",101%
Liability,11-01-01-00-00000-20102,$0.00 ,"$1,577,563.67 ",$0.00 ,"($1,577,563.67)",101%
Liability,11-01-01-00-00000-20103,$0.00 ,"$433,264.04 ",$0.00 ,"($433,264.04)",101%
Liability,11-01-01-00-00000-20104,$0.00 ,"$771,488.79 ",$0.00 ,"($771,488.79)",101%
Liability,11-01-01-00-00000-20105,$0.00 ,"$229,963.00 ",$0.00 ,"($229,963.00)",101%
Liability,11-01-01-00-00000-20106,$0.00 ,"$613,043.53 ",$0.00 ,"($613,043.53)",101%
Liability,11-01-01-00-00000-20107,$0.00 ,"$143,527.25 ",$0.00 ,"($143,527.25)",101%
Liability,11-01-01-00-00000-20110,$0.00 ,$0.00 ,$0.00 ,$0.00 ,0%
Liability,11-01-01-00-00000-20111,$0.00 ,"$315,413.38 ",$0.00 ,"($315,413.38)",101%
Liability,11-01-01-00-00000-20112,$0.00 ,$0.00 ,$0.00 ,$0.00 ,0%
Liability,11-01-01-00-00000-20113,$0.00 ,"$21,485.24 ",$0.00 ,"($21,485.24)",101%
Liability,11-01-01-00-00000-20114,$0.00 ,"$55,845.93 ",$0.00 ,"($55,845.93)",101%
Liability,11-01-01-00-00000-20115,$0.00 ,"$273,777.55 ",$0.00 ,"($273,777.55)",101%
Liability,11-01-01-00-00000-20116,$0.00 ,$345.94 ,$0.00 ,($345.94),101%
Liability,11-01-01-00-00000-20117,$0.00 ,"$2,160.21 ",$0.00 ,"($2,160.21)",101%
Liability,11-01-01-00-00000-20118,$0.00 ,"$14,753.18 ",$0.00 ,"($14,753.18)",101%
Liability,11-01-01-00-00000-20119,$0.00 ,"$7,449.42 ",$0.00 ,"($7,449.42)",101%
Liability,11-01-01-00-00000-20120,$0.00 ,"$3,827.84 ",$0.00 ,"($3,827.84)",101%
Liability,11-01-01-00-00000-20121,$0.00 ,"$7,073.28 ",$0.00 ,"($7,073.28)",101%
Liability,11-01-01-00-00000-20122,$0.00 ,$256.66 ,$0.00 ,($256.66),101%
Liability,11-01-01-00-00000-20123,$0.00 ,$0.00 ,$0.00 ,$0.00 ,0%
Liability,11-01-01-00-00000-20124,$0.00 ,$0.00 ,$0.00 ,$0.00 ,0%
Liability,11-01-01-00-00000-20125,$0.00 ,"$36,438.23 ",$0.00 ,"($36,438.23)",101%
Liability,11-01-01-00-00000-20131,$0.00 ,"$1,389.69 ",$0.00 ,"($1,389.69)",101%
Liability,11-01-01-00-00000-20132,$0.00 ,"$24,377.97 ",$0.00 ,"($24,377.97)",101%
Liability,11-01-01-00-00000-20200,$0.00 ,"$1,668.00 ",$0.00 ,"($1,668.00)",101%
Liability,11-01-01-00-00000-20210,$0.00 ,($50.00),$0.00 ,$50.00 ,-101%
Liability,11-01-01-00-00000-20211,$0.00 ,$596.05 ,$0.00 ,($596.05),101%
Liability,11-01-01-00-00000-20212,$0.00 ,"$2,955.00 ",$0.00 ,"($2,955.00)",101%
Liability,11-01-01-00-00000-20215,$0.00 ,($834.56),$0.00 ,$834.56 ,-101%
Liability,11-01-01-00-00000-20300,$0.00 ,"($187,833.92)",$0.00 ,"$187,833.92 ",-101%
Liability,11-01-01-00-00000-20301,$0.00 ,$0.00 ,$0.00 ,$0.00 ,0%
Liability,11-01-01-00-00000-20302,$0.00 ,$0.00 ,$0.00 ,$0.00 ,0%
Liability,11-01-01-00-00000-20303,$0.00 ,$0.00 ,$0.00 ,$0.00 ,0%
Liability,11-01-01-00-00000-20304,$0.00 ,$0.00 ,$0.00 ,$0.00 ,0%
Liability,11-01-01-00-00000-20305,$0.00 ,$0.00 ,$0.00 ,$0.00 ,0%
Liability,11-01-01-00-00000-20306,$0.00 ,$0.00 ,$0.00 ,$0.00 ,0%
Liability,11-01-01-00-00000-20307,$0.00 ,$0.00 ,$0.00 ,$0.00 ,0%
Liability,11-01-01-00-00000-20308,$0.00 ,$0.00 ,$0.00 ,$0.00 ,0%
Liability,11-01-01-00-00000-20309,$0.00 ,"($83,826.00)",$0.00 ,"$83,826.00 ",-101%
Liability,11-01-01-00-00000-20310,$0.00 ,$0.00 ,$0.00 ,$0.00 ,0%
Liability,11-01-01-00-00000-20311,$0.00 ,"($38,075.00)",$0.00 ,"$38,075.00 ",-101%
Liability,11-01-01-00-00000-20312,$0.00 ,$0.00 ,$0.00 ,$0.00 ,0%
Liability,11-01-01-00-00000-20313,$0.00 ,$0.00 ,$0.00 ,$0.00 ,0%
Liability,11-01-01-00-00000-20314,$0.00 ,$0.00 ,$0.00 ,$0.00 ,0%
Liability,11-01-01-00-00000-20315,$0.00 ,$0.00 ,$0.00 ,$0.00 ,0%
Liability,11-01-01-00-00000-20316,$0.00 ,($820.00),$0.00 ,$820.00 ,-101%
Liability,11-01-01-00-00000-20317,$0.00 ,"($151,827.00)",$0.00 ,"$151,827.00 ",-101%
Liability,11-01-01-00-00000-20404,$0.00 ,"$112,196.61 ",$0.00 ,"($112,196.61)",101%
Liability,11-01-01-00-00000-20410,$0.00 ,"$232,949.66 ",$0.00 ,"($232,949.66)",101%
Fund Balance,11-01-01-00-00000-30000,$0.00 ,"$380,306,242.53 ",$0.00 ,"($380,306,242.53)",101%
Fund Balance,12-01-01-00-00000-30000,$0.00 ,"$33,249.20 ",$0.00 ,"($33,249.20)",101%
Fund Balance,21-01-01-00-00000-30000,$0.00 ,$0.00 ,$0.00 ,$0.00 ,0%
Fund Balance,21-02-01-00-00000-30000,$0.00 ,$0.00 ,$0.00 ,$0.00 ,0%
Revenue,11-01-01-00-00000-40000,"$35,241,893.00 ","$20,000.00 ",$0.00 ,"$35,221,893.00 ",0%
Revenue,11-01-01-00-00000-40001,"$10,707,275.00 ","$10,000.00 ",$0.00 ,"$10,697,275.00 ",0%
Revenue,11-01-01-00-00000-40002,"$854,169.00 ",$0.00 ,$0.00 ,"$854,169.00 ",0%
Revenue,11-01-01-00-00000-40003,"$1,449,323.00 ","($5,000.00)",$0.00 ,"$1,454,323.00 ",0%
Revenue,11-01-01-00-00000-40004,"$3,433,170.00 ",$0.00 ,$0.00 ,"$3,433,170.00 ",0%
Revenue,11-01-01-00-00000-40005,"$126,758.00 ",$0.00 ,$0.00 ,"$126,758.00 ",0%
Revenue,11-01-01-00-00000-40006,"$126,758.00 ",$0.00 ,$0.00 ,"$126,758.00 ",0%
Revenue,11-01-01-00-00000-40007,"$126,758.00 ",$0.00 ,$0.00 ,"$126,758.00 ",0%
Revenue,11-01-01-00-00000-40008,"$126,758.00 ",$0.00 ,$0.00 ,"$126,758.00 ",0%
Revenue,11-01-01-00-00000-40009,"$126,758.00 ",$0.00 ,$0.00 ,"$126,758.00 ",0%
Revenue,11-01-01-00-00000-40010,"$126,758.00 ",$0.00 ,$0.00 ,"$126,758.00 ",0%
Revenue,11-01-01-00-00000-40011,"$126,758.00 ",$0.00 ,$0.00 ,"$126,758.00 ",0%
Revenue,11-01-01-00-00000-40012,"$126,758.00 ",$0.00 ,$0.00 ,"$126,758.00 ",0%
Revenue,11-01-01-00-00000-40013,"$126,758.00 ",$0.00 ,$0.00 ,"$126,758.00 ",0%
Revenue,11-01-01-00-00000-40014,"$126,758.00 ",$0.00 ,$0.00 ,"$126,758.00 ",0%
Revenue,11-01-01-00-00000-40080,"$126,758.00 ",$0.00 ,$0.00 ,"$126,758.00 ",0%
Revenue,11-01-01-00-00000-40081,"$126,758.00 ",$0.00 ,$0.00 ,"$126,758.00 ",0%
Revenue,11-01-01-00-00000-40082,"$126,758.00 ",$0.00 ,$0.00 ,"$126,758.00 ",0%
Revenue,11-01-01-00-00000-40083,"$126,758.00 ",$0.00 ,$0.00 ,"$126,758.00 ",0%
Revenue,11-01-01-00-00000-40084,"$126,758.00 ",$0.00 ,$0.00 ,"$126,758.00 ",0%
Revenue,11-01-01-00-00000-40085,"$126,758.00 ",$0.00 ,$0.00 ,"$126,758.00 ",0%
Revenue,11-01-01-00-00000-40086,"$126,758.00 ",$0.00 ,$0.00 ,"$126,758.00 ",0%
Revenue,11-01-01-00-00000-40087,"$126,758.00 ",$0.00 ,$0.00 ,"$126,758.00 ",0%
Revenue,11-01-01-00-00000-40089,"$126,758.00 ",$0.00 ,$0.00 ,"$126,758.00 ",0%
Revenue,11-01-01-00-00000-40100,"$126,758.00 ",$745.06 ,$0.00 ,"$126,012.94 ",1%
Revenue,11-01-01-00-00000-40101,"$126,758.00 ","$3,000.00 ",$0.00 ,"$123,758.00 ",2%
Revenue,11-01-01-00-00000-40102,"$126,758.00 ",$0.00 ,$0.00 ,"$126,758.00 ",0%
Revenue,11-01-01-00-00000-40103,"$126,758.00 ","$2,400.00 ",$0.00 ,"$124,358.00 ",2%
Revenue,11-01-01-00-00000-40104,"$126,758.00 ",$0.00 ,$0.00 ,"$126,758.00 ",0%
Revenue,11-01-01-00-00000-40105,"$126,758.00 ",$0.00 ,$0.00 ,"$126,758.00 ",0%
Revenue,11-01-01-00-00000-40106,"$126,758.00 ",$0.00 ,$0.00 ,"$126,758.00 ",0%
Revenue,11-01-01-00-00000-40107,"$126,758.00 ",$0.00 ,$0.00 ,"$126,758.00 ",0%
Revenue,11-01-01-00-00000-40108,"$126,758.00 ",$0.00 ,$0.00 ,"$126,758.00 ",0%
Revenue,11-01-01-00-00000-40109,"$126,758.00 ",$0.00 ,$0.00 ,"$126,758.00 ",0%
Revenue,11-01-01-00-00000-40110,"$126,758.00 ",$0.00 ,$0.00 ,"$126,758.00 ",0%
Revenue,11-01-01-00-00000-40111,"$126,758.00 ",$0.00 ,$0.00 ,"$126,758.00 ",0%
Revenue,11-01-01-00-00000-40112,"$126,758.00 ",$0.00 ,$0.00 ,"$126,758.00 ",0%
Revenue,11-01-01-00-00000-40113,"$126,758.00 ",$0.00 ,$0.00 ,"$126,758.00 ",0%
Revenue,11-01-01-00-00000-40114,"$126,758.00 ",$0.00 ,$0.00 ,"$126,758.00 ",0%
Revenue,11-01-01-00-00000-40115,"$126,758.00 ",$0.00 ,$0.00 ,"$126,758.00 ",0%
Revenue,11-01-01-00-00000-40116,"$126,758.00 ","$7,600.00 ",$0.00 ,"$119,158.00 ",6%
Revenue,11-01-01-00-00000-40117,"$126,758.00 ",$0.00 ,$0.00 ,"$126,758.00 ",0%
Revenue,11-01-01-00-00000-40118,"$126,758.00 ",$0.00 ,$0.00 ,"$126,758.00 ",0%
Revenue,11-01-01-00-00000-40119,"$126,758.00 ",$0.00 ,$0.00 ,"$126,758.00 ",0%
Revenue,11-01-01-00-00000-40120,"$126,758.00 ",$0.00 ,$0.00 ,"$126,758.00 ",0%
Revenue,11-01-01-00-00000-40121,"$126,758.00 ",$0.00 ,$0.00 ,"$126,758.00 ",0%
Revenue,11-01-01-00-00000-40123,"$126,758.00 ",$0.00 ,$0.00 ,"$126,758.00 ",0%
Revenue,11-01-01-00-00000-40200,"$126,758.00 ",$0.00 ,$0.00 ,"$126,758.00 ",0%
Revenue,11-01-01-00-00000-40201,"$126,758.00 ",$0.00 ,$0.00 ,"$126,758.00 ",0%
Revenue,11-01-01-00-00000-40202,"$126,758.00 ",$0.00 ,$0.00 ,"$126,758.00 ",0%
Revenue,11-01-01-00-00000-40203,"$126,758.00 ",$0.00 ,$0.00 ,"$126,758.00 ",0%
Revenue,11-01-01-00-00000-40204,"$126,758.00 ","$1,500.00 ",$0.00 ,"$125,258.00 ",1%
Revenue,11-01-01-00-00000-40205,"$126,758.00 ",$0.00 ,$0.00 ,"$126,758.00 ",0%
Revenue,11-01-01-00-00000-40206,"$126,758.00 ",$0.00 ,$0.00 ,"$126,758.00 ",0%
Revenue,11-00-01-00-00000-40300,"$121,545.00 ","$70,000.00 ",$0.00 ,"$51,545.00 ",58%
Revenue,11-00-02-00-00000-40300,"$111,156.00 ","$3,000.00 ",$0.00 ,"$108,156.00 ",3%
Revenue,11-00-03-00-00000-40300,"$111,156.00 ","$2,000,006,599.00 ",$0.00 ,"($1,999,895,443.00)",1799279%
Revenue,11-00-04-00-00000-40300,"$111,156.00 ",$0.00 ,$0.00 ,"$111,156.00 ",0%
Revenue,11-00-01-00-00000-40310,"$121,545.00 ","$6,400.00 ",$0.00 ,"$115,145.00 ",5%
Revenue,11-00-01-00-00000-40320,"$121,545.00 ","$8,850.58 ",$0.00 ,"$112,694.42 ",7%
Revenue,11-00-01-00-00000-40330,"$111,156.00 ",$0.00 ,$0.00 ,"$111,156.00 ",0%
Revenue,11-00-02-00-00000-40330,"$111,156.00 ","$5,600.00 ",$0.00 ,"$105,556.00 ",5%
Revenue,11-00-03-00-00000-40330,"$111,156.00 ","$7,200.00 ",$0.00 ,"$103,956.00 ",6%
Revenue,11-00-04-00-00000-40330,"$111,156.00 ",$0.00 ,$0.00 ,"$111,156.00 ",0%
Revenue,11-01-01-00-00000-41000,"$126,758.00 ","$1,799.12 ",$0.00 ,"$124,958.88 ",1%
Revenue,11-01-01-00-00000-41001,"$126,758.00 ",$0.00 ,$0.00 ,"$126,758.00 ",0%
Revenue,11-01-01-00-00000-41002,"$126,758.00 ",$690.46 ,$0.00 ,"$126,067.54 ",1%
Revenue,11-01-01-00-00000-41003,"$126,758.00 ",$0.00 ,$0.00 ,"$126,758.00 ",0%
Revenue,11-01-01-00-00000-41004,"$126,758.00 ","$1,500.00 ",$0.00 ,"$125,258.00 ",1%
Revenue,11-01-01-00-00000-41005,"$126,758.00 ","$1,780.00 ",$0.00 ,"$124,978.00 ",1%
Revenue,11-01-01-00-00000-41006,"$126,758.00 ",$0.00 ,$0.00 ,"$126,758.00 ",0%
Revenue,11-01-01-00-00000-41007,"$126,758.00 ",$0.00 ,$0.00 ,"$126,758.00 ",0%
Revenue,11-01-01-00-00000-41008,"$126,758.00 ",$0.00 ,$0.00 ,"$126,758.00 ",0%
Revenue,11-01-01-00-00000-41012,"$126,758.00 ",$0.00 ,$0.00 ,"$126,758.00 ",0%
Revenue,11-01-01-00-00000-41013,"$126,758.00 ",$0.00 ,$0.00 ,"$126,758.00 ",0%
Revenue,11-01-01-00-00000-41014,"$126,758.00 ",$0.00 ,$0.00 ,"$126,758.00 ",0%
Revenue,11-01-01-00-00000-41015,"$121,545.00 ",$0.00 ,$0.00 ,"$121,545.00 ",0%
Revenue,11-01-01-00-00000-41016,"$121,545.00 ",$0.00 ,$0.00 ,"$121,545.00 ",0%
Revenue,11-01-01-00-00000-41017,"$121,545.00 ",$0.00 ,$0.00 ,"$121,545.00 ",0%
Revenue,11-01-01-00-00000-41018,"$121,545.00 ",$0.00 ,$0.00 ,"$121,545.00 ",0%
Revenue,11-01-01-00-00000-41019,"$121,545.00 ",$0.00 ,$0.00 ,"$121,545.00 ",0%
Revenue,11-01-01-00-00000-41020,"$121,545.00 ",$0.00 ,$0.00 ,"$121,545.00 ",0%
Revenue,11-01-01-00-00000-41021,"$121,545.00 ",$0.00 ,$0.00 ,"$121,545.00 ",0%
Revenue,11-01-01-00-00000-42001,"$126,758.00 ",$0.00 ,$0.00 ,"$126,758.00 ",0%
Revenue,11-01-01-00-00000-43000,"$126,758.00 ","$244,188.66 ",$0.00 ,"($117,430.66)",193%
Revenue,21-01-01-00-00000-43000,"$126,758.00 ",$0.00 ,$0.00 ,"$126,758.00 ",0%
Revenue,21-01-01-00-00000-43100,"$2,016.00 ",$0.00 ,$0.00 ,"$2,016.00 ",0%
Revenue,21-02-01-00-00000-43100,"$126,758.00 ",$0.00 ,$0.00 ,"$126,758.00 ",0%
Revenue,21-01-01-00-00000-43200,"$2,016.00 ",$0.00 ,$0.00 ,"$2,016.00 ",0%
Revenue,21-02-01-00-00000-43200,"$126,758.00 ",$0.00 ,$0.00 ,"$126,758.00 ",0%
Revenue,11-00-01-00-00000-43300,"$128,345.00 ",$0.00 ,$0.00 ,"$128,345.00 ",0%
Revenue,21-01-01-00-00000-43400,"$126,758.00 ",$0.00 ,$0.00 ,"$126,758.00 ",0%
Revenue,21-02-01-00-00000-43400,"$126,758.00 ",$0.00 ,$0.00 ,"$126,758.00 ",0%
Revenue,11-01-01-00-00000-45000,"$126,758.00 ",$0.00 ,$0.00 ,"$126,758.00 ",0%
Revenue,11-01-01-00-00000-46006,"$111,156.00 ",$0.00 ,$0.00 ,"$111,156.00 ",0%
Revenue,11-01-01-00-00000-46007,"$111,156.00 ",$0.00 ,$0.00 ,"$111,156.00 ",0%
Expense,11-01-01-00-00000-50080,"$21,789.00 ",$0.00 ,$0.00 ,"$21,789.00 ",0%
Expense,11-00-02-67-62004-52001,"$34,955.00 ",$0.00 ,$0.00 ,"$34,955.00 ",0%
Expense,11-01-01-00-62004-52001,"$192,525.00 ",$0.00 ,$0.00 ,"$192,525.00 ",0%
Expense,11-00-02-67-62004-52010,"$107,175.00 ",$0.00 ,$0.00 ,"$107,175.00 ",0%
Expense,11-01-01-00-62004-52010,"$107,175.00 ",$0.00 ,$0.00 ,"$107,175.00 ",0%
Expense,11-00-02-67-62004-52011,"$66,469.00 ",$0.00 ,$0.00 ,"$66,469.00 ",0%
Expense,11-01-01-00-62004-52011,"$66,469.00 ",$0.00 ,$0.00 ,"$66,469.00 ",0%
Expense,11-00-02-67-62004-52012,"$45,459.00 ",$0.00 ,$0.00 ,"$45,459.00 ",0%
Expense,11-01-01-00-62004-52012,"$45,459.00 ",$0.00 ,$0.00 ,"$45,459.00 ",0%
Expense,11-00-02-67-62004-52013,"$50,711.00 ",$0.00 ,$0.00 ,"$50,711.00 ",0%
Expense,11-01-01-00-62004-52013,"$50,711.00 ",$0.00 ,$0.00 ,"$50,711.00 ",0%
Expense,11-00-02-67-62004-52014,"$42,834.00 ",$0.00 ,$0.00 ,"$42,834.00 ",0%
Expense,11-01-01-00-62004-52014,"$42,834.00 ",$0.00 ,$0.00 ,"$42,834.00 ",0%
Expense,11-01-01-00-00000-52015,"$34,955.00 ",$0.00 ,$0.00 ,"$34,955.00 ",0%
Expense,11-00-02-67-62004-53010,"$55,637.00 ",$0.00 ,$0.00 ,"$55,637.00 ",0%
Expense,11-01-01-00-62004-53010,"$55,637.00 ",$0.00 ,$0.00 ,"$55,637.00 ",0%
Expense,11-00-02-67-62004-53011,"$37,910.00 ",$0.00 ,$0.00 ,"$37,910.00 ",0%
Expense,11-01-01-00-62004-53011,"$37,910.00 ",$0.00 ,$0.00 ,"$37,910.00 ",0%
Expense,11-00-02-67-62004-53012,"$55,637.00 ",$0.00 ,$0.00 ,"$55,637.00 ",0%
Expense,11-01-01-00-62004-53012,"$55,637.00 ",$0.00 ,$0.00 ,"$55,637.00 ",0%
Expense,11-00-02-67-62004-53013,"$79,273.00 ",$0.00 ,$0.00 ,"$79,273.00 ",0%
Expense,11-01-01-00-62004-53013,"$79,273.00 ",$0.00 ,$0.00 ,"$79,273.00 ",0%
Expense,11-00-02-67-62004-53017,"$37,581.00 ",$0.00 ,$0.00 ,"$37,581.00 ",0%
Expense,11-01-01-00-62004-53017,"$34,955.00 ",$0.00 ,$0.00 ,"$34,955.00 ",0%
Expense,11-00-02-67-62004-53018,"$38,894.00 ",$0.00 ,$0.00 ,"$38,894.00 ",0%
Expense,11-01-01-00-62004-53018,"$34,955.00 ",$0.00 ,$0.00 ,"$34,955.00 ",0%
Expense,11-00-02-67-62004-53020,"$42,834.00 ",$0.00 ,$0.00 ,"$42,834.00 ",0%
Expense,11-01-01-00-62004-53020,"$34,955.00 ",$0.00 ,$0.00 ,"$34,955.00 ",0%
Expense,11-00-02-67-62004-53021,"$44,147.00 ",$0.00 ,$0.00 ,"$44,147.00 ",0%
Expense,11-01-01-00-62004-53021,"$34,955.00 ",$0.00 ,$0.00 ,"$34,955.00 ",0%
Expense,11-01-01-00-00000-53030,"$34,955.00 ",$0.00 ,$0.00 ,"$34,955.00 ",0%
Expense,11-01-01-00-00000-53040,"$34,955.00 ",$0.00 ,$0.00 ,"$34,955.00 ",0%
Expense,11-00-02-67-62004-54001,"$40,864.00 ",$0.00 ,$0.00 ,"$40,864.00 ",0%
Expense,11-01-01-00-00000-54001,$216.00 ,$0.00 ,$0.00 ,$216.00 ,0%
Expense,11-01-01-00-62004-54001,"$37,581.00 ",$0.00 ,$0.00 ,"$37,581.00 ",0%
Expense,11-00-02-67-62004-54002,"$35,744.00 ",$0.00 ,$0.00 ,"$35,744.00 ",0%
Expense,11-01-01-00-62004-54002,"$38,894.00 ",$0.00 ,$0.00 ,"$38,894.00 ",0%
Expense,11-01-01-00-62004-54003,"$42,834.00 ",$0.00 ,$0.00 ,"$42,834.00 ",0%
Expense,11-00-02-67-62004-54004,"$36,006.00 ",$0.00 ,$0.00 ,"$36,006.00 ",0%
Expense,11-01-01-00-62004-54004,"$44,147.00 ",$0.00 ,$0.00 ,"$44,147.00 ",0%
Expense,11-00-02-67-62004-54005,"$100,608.00 ",$0.00 ,$0.00 ,"$100,608.00 ",0%
Expense,11-01-01-00-62004-54005,"$40,864.00 ",$0.00 ,$0.00 ,"$40,864.00 ",0%
Expense,11-00-02-67-62004-54030,"$192,525.00 ",$0.00 ,$0.00 ,"$192,525.00 ",0%
Expense,11-01-01-00-62004-54030,"$35,744.00 ",$0.00 ,$0.00 ,"$35,744.00 ",0%
Expense,11-00-02-67-62004-54400,"$94,045.00 ",$0.00 ,$0.00 ,"$94,045.00 ",0%
Expense,11-01-01-00-62004-54400,"$36,006.00 ",$0.00 ,$0.00 ,"$36,006.00 ",0%
Expense,11-00-02-67-62004-55119,"$228,107.00 ",$0.00 ,$0.00 ,"$228,107.00 ",0%
Expense,11-00-02-67-62004-55320,"$36,530.00 ",$0.00 ,$0.00 ,"$36,530.00 ",0%
Expense,11-01-01-00-62004-55320,"$36,530.00 ",$0.00 ,$0.00 ,"$36,530.00 ",0%
Expense,11-00-02-67-62004-55504,"$46,116.00 ",$0.00 ,$0.00 ,"$46,116.00 ",0%
Expense,11-01-01-00-62004-55504,"$36,072.00 ",$0.00 ,$0.00 ,"$36,072.00 ",0%
Expense,11-00-02-67-62004-55612,"$36,926.00 ",$0.00 ,$0.00 ,"$36,926.00 ",0%
Expense,11-01-01-00-62004-55612,"$36,926.00 ",$0.00 ,$0.00 ,"$36,926.00 ",0%
Expense,11-00-02-67-62004-55640,"$38,105.00 ",$0.00 ,$0.00 ,"$38,105.00 ",0%
Expense,11-01-01-00-62004-55645,"$34,955.00 ",$0.00 ,$0.00 ,"$34,955.00 ",0%
Expense,11-01-01-00-00000-55880,"$34,955.00 ","$1,115,746.50 ",$0.00 ,"($1,080,791.50)",3192%
Expense,11-01-01-00-00000-55881,"$34,955.00 ",$0.00 ,$0.00 ,"$34,955.00 ",0%
Expense,11-01-01-00-00000-55885,"$34,955.00 ",$0.00 ,$0.00 ,"$34,955.00 ",0%
Expense,11-00-02-67-62004-55889,"$35,612.00 ",$0.00 ,$0.00 ,"$35,612.00 ",0%
Expense,11-01-01-00-00000-55889,"$5,316.00 ",$0.00 ,$0.00 ,"$5,316.00 ",0%
Expense,11-01-01-00-62004-55889,"$35,612.00 ",$0.00 ,$0.00 ,"$35,612.00 ",0%
Expense,11-01-01-00-00000-55899,"$5,316.00 ",$0.00 ,$0.00 ,"$5,316.00 ",0%
Expense,11-00-02-67-62004-56043,"$54,651.00 ",$0.00 ,$0.00 ,"$54,651.00 ",0%
Expense,11-01-01-00-62004-56043,"$54,651.00 ",$0.00 ,$0.00 ,"$54,651.00 ",0%
Expense,11-00-02-67-62004-56400,"$38,239.00 ",$0.00 ,$0.00 ,"$38,239.00 ",0%
Expense,11-01-01-00-62004-56400,"$38,239.00 ",$0.00 ,$0.00 ,"$38,239.00 ",0%
Expense,11-00-02-67-62004-56401,"$44,804.00 ",$0.00 ,$0.00 ,"$44,804.00 ",0%
Expense,11-01-01-00-62004-56401,"$44,804.00 ",$0.00 ,$0.00 ,"$44,804.00 ",0%
Expense,11-00-02-67-62004-56402,"$36,926.00 ",$0.00 ,$0.00 ,"$36,926.00 ",0%
Expense,11-01-01-00-62004-56402,"$36,926.00 ",$0.00 ,$0.00 ,"$36,926.00 ",0%
Expense,11-01-01-00-00000-57800,$0.00 ,"$24,000.00 ",$0.00 ,"($24,000.00)",101%
Expense,11-01-01-00-00000-57801,$0.00 ,"$3,600.00 ",$0.00 ,"($3,600.00)",101%
Expense,11-01-01-00-00000-57837,"$29,365.00 ",$0.00 ,$0.00 ,"$29,365.00 ",0%
